,nmi,acc,ari,fmi,homogenety,completeness,C00,C01,C10,C11
0,0.45336744865113926,0.4015969669117647,0.305988288792784,0.40722183888135216,0.413616144697275,0.5015718939214773,3797618346,566135340,227503484,257288622
1,0.46191356705795195,0.4525361902573529,0.3224392195720133,0.42428979613571866,0.4205318274263289,0.5123283963818378,3791216434,572537066,213402994,271389298
