,nmi,acc,ari,fmi,homogenety,completeness,C00,C01,C10,C11
0,0.5242646596151205,0.5009765625,0.35227000136107517,0.42211793732461633,0.5155160695390197,0.5333153125954975,4030144306,333609300,266434700,218357486
1,0.5264337826574137,0.4895450367647059,0.35446778748081337,0.42529940899041224,0.5161369795600441,0.5371497859644917,4020287012,343466594,261948836,222843350
2,0.566734394118146,0.5503360523897058,0.41813360546747863,0.4827705950409849,0.5550499853833505,0.5789213205439729,4045884220,317869386,230541444,254250742
3,0.5375575282699158,0.5058019301470589,0.3683032284444929,0.43628665551824686,0.5292468654827626,0.5461333564097719,4039283638,324469968,259571086,225221100
